{"cameraMode":{"drawMode":0,"name":"Shaded","section":"Shading Mode"},"sceneLighting":false,"audioPlay":false,"sceneViewState":{"showFog":true,"showMaterialUpdate":false,"showSkybox":false,"showFlares":true,"showImageEffects":true,"showParticleSystems":true},"in2DMode":false,"pivot":{"x":0.0,"y":1.573665976524353,"z":-1.7881393432617188e-7},"rotation":{"x":0.19328774511814118,"y":-0.3579016625881195,"z":0.07766319811344147,"w":0.9109607934951782},"size":19.923551559448243,"orthographic":false}