{"cameraMode":{"drawMode":0,"name":"Shaded","section":"Shading Mode"},"sceneLighting":false,"audioPlay":false,"sceneViewState":{"showFog":true,"showMaterialUpdate":false,"showSkybox":true,"showFlares":true,"showImageEffects":true,"showParticleSystems":true},"in2DMode":false,"pivot":{"x":57.601375579833987,"y":0.8104209899902344,"z":190.7902069091797},"rotation":{"x":-0.08747027814388275,"y":-0.29886287450790408,"z":0.02368880994617939,"w":-0.9509156942367554},"size":51.50660705566406,"orthographic":false}