{"cameraMode":{"drawMode":0,"name":"Shaded","section":"Shading Mode"},"sceneLighting":false,"audioPlay":false,"sceneViewState":{"showFog":true,"showMaterialUpdate":false,"showSkybox":false,"showFlares":true,"showImageEffects":true,"showParticleSystems":true},"in2DMode":false,"pivot":{"x":0.0000037270510802045466,"y":0.000006155973096610978,"z":0.000008114891898003407},"rotation":{"x":0.26133444905281069,"y":0.5581895709037781,"z":-0.18765996396541596,"w":0.7657885551452637},"size":0.00005715767838410102,"orthographic":false}